aidairoillustrationstoiletboundhanakokun,https://yenpress.com/titles/9781975324803-aidairo-illustrations-toilet-bound-hanako-kun,Yen Press,AidaIro Illustrations: Toilet-bound Hanako-kun,1,Paperback,9781975324803,2021-12-07,JP,artbook
aidairoillustrationstoiletboundhanakokun,https://yenpress.com/titles/9781975366483-aidairo-illustrations-toilet-bound-hanako-kun-2,Yen Press,AidaIro Illustrations: Toilet-bound Hanako-kun,2,Paperback,9781975366483,2023-11-14,JP,artbook
atelierryza2officialvisualcollection,https://udonentertainment.com/products/atelier-ryza-2-official-visual-collection,Udon Entertainment,Atelier Ryza 2: Official Visual Collection,1,Paperback,,0001-01-01,JP,artbook
atelierryza3officialvisualcollection,https://udonentertainment.com/products/atelier-ryza-3-official-visual-collection,Udon Entertainment,Atelier Ryza 3: Official Visual Collection,1,Paperback,,0001-01-01,JP,artbook
atelierryzaofficialvisualcollection,https://udonentertainment.com/products/atelier-ryza-official-visual-collection,Udon Entertainment,Atelier Ryza: Official Visual Collection,1,Paperback,,0001-01-01,JP,artbook
blacktightswide,https://denpa.pub/book/black-tights-wide,Denpa,Black Tights: WIDE,1,Digital,,2022-04-26,JP,artbook
blacktightswide,https://denpa.pub/book/black-tights-wide,Denpa,Black Tights: WIDE,1,Paperback,9781634422918,2022-04-26,JP,artbook
bloodborneofficialartworks,https://udonentertainment.com/products/udon-bloodborne-official-artworks-softcover,Udon Entertainment,Bloodborne: Official Artworks,1,Paperback,9781772940367,0001-01-01,JP,artbook
bubblegumcrisiscompletearchive,https://udonentertainment.com/products/bubblegum-crisis-complete-archive-standard-hardcover-edition,Udon Entertainment,Bubblegum Crisis Complete Archive Hardcover - Standard Edition,1,Hardcover,,0001-01-01,JP,artbook
capcommasterworksshinkiro,https://udonentertainment.com/products/capcom-masterworks-shinkiro-deluxe-edition,Udon Entertainment,Capcom Masterworks: Shinkiro - Deluxe Edition,1,Hardcover,,2026-09-01,JP,artbook
clampofficialartbookcolorkuro,https://yenpress.com/titles/9798855429022-clamp-official-artbook-color-kuro,Yen Press,CLAMP Official Artbook: COLOR KURO,1,Paperback,9798855429022,2025-11-25,JP,artbook
darksoulsdesignworks,https://udonentertainment.com/products/dark-souls-design-works-hardcover,Udon Entertainment,Dark Souls: Design Works (Hardcover),1,Hardcover,,0001-01-01,JP,artbook
darksoulsiidesignworks,https://udonentertainment.com/products/udon-dark-souls-ii-design-works-hardcover-2016,Udon Entertainment,Dark Souls II: Design Works (Hardcover),1,Hardcover,,0001-01-01,JP,artbook
darksoulsiiidesignworks,https://udonentertainment.com/products/dark-souls-iii-design-works-hardcover,Udon Entertainment,Dark Souls III: Design Works (Hardcover),1,Hardcover,9781772940640,0001-01-01,JP,artbook
darkstalkersofficialcompleteworks,https://udonentertainment.com/products/udon-darkstalkers-official-complete-works-softcover,Udon Entertainment,Darkstalkers: Official Complete Works Hardcover,1,Hardcover,9781772941203,0001-01-01,JP,artbook
eldenringofficialartbook,https://udonentertainment.com/products/elden-ring-official-art-book-volume-iii-hardcover,Udon Entertainment,Elden Ring: Official Art Book Volume III Hardcover,1,Hardcover,,0001-01-01,JP,artbook
fallinginlovewithatravelingcatmofusands1stillustrationbook,https://udonentertainment.com/products/falling-in-love-with-a-traveling-cat-mofusands-1st-illustration-book,Udon Entertainment,Falling in Love with a Traveling Cat: Mofusand's 1st Illustration Book!,1,Physical,,0001-01-01,JP,artbook
fategrandorderchaldeascrapbook,https://denpa.pub/book/fategrand-order-chaldea-scrapbook,Denpa,Fate/Grand Order: Chaldea Scrapbook,1,Digital,,2025-01-08,JP,artbook
fategrandorderchaldeascrapbook,https://denpa.pub/book/fategrand-order-chaldea-scrapbook,Denpa,Fate/Grand Order: Chaldea Scrapbook,1,Paperback,9781634429726,2025-01-08,JP,artbook
fatereturntoavalontakashitakeuchiartworks,https://udonentertainment.com/products/fate-return-to-avalon-takashi-takeuchi-art-works-hardcover,Udon Entertainment,Fate: Return to Avalon: Takashi Takeuchi Art Works Hardcover,1,Hardcover,9781772942187,0001-01-01,JP,artbook
femmefataletheartofshuzooshimi,https://denpa.pub/book/femme-fatale-the-art-of-shuzo-oshimi,Denpa,femme fatale: The Art of Shuzo Oshimi,1,Digital,,2021-04-28,JP,artbook
femmefataletheartofshuzooshimi,https://denpa.pub/book/femme-fatale-the-art-of-shuzo-oshimi,Denpa,femme fatale: The Art of Shuzo Oshimi,1,Paperback,9781634429887,2021-04-28,JP,artbook
fruitsbasketcompleteanimenatsukitakayaillustrations,https://yenpress.com/titles/9781975375867-fruits-basket-complete-anime-natsuki-takaya-illustrations,Yen Press,Fruits Basket: Complete Anime Natsuki Takaya Illustrations,1,Digital,9781975375867,2023-12-12,JP,artbook
fruitsbasketcompleteanimenatsukitakayaillustrations,https://yenpress.com/titles/9781975375850-fruits-basket-complete-anime-natsuki-takaya-illustrations,Yen Press,Fruits Basket: Complete Anime Natsuki Takaya Illustrations,1,Paperback,9781975375850,2023-12-12,JP,artbook
hidetakatenjinsartistryofgundamuc,https://udonentertainment.com/products/hidetaka-tenjins-artistry-of-gundam-u-c-edition,Udon Entertainment,Hidetaka Tenjin's Artistry of Gundam - U.C. Edition,1,Hardcover,,2026-07-01,JP,artbook
hidetakatenjinsartistryofmacrossfromflashback2012tomacrossfrontier,https://udonentertainment.com/products/hidetaka-tenjins-artistry-of-macross-from-flash-back-2012-to-macross-frontier,Udon Entertainment,Hidetaka Tenjin's Artistry of Macross: From Flash Back 2012 to Macross Frontier,1,Hardcover,,0001-01-01,JP,artbook
hidetakatenjinsartistryofmacrossmacrossfrontierfilmsmacrossdeltaarchives,https://udonentertainment.com/products/hidetaka-tenjins-artistry-of-macross-macross-frontier-films-macross-delta-archives,Udon Entertainment,"Hidetaka Tenjin's Artistry of Macross: Macross Frontier Films, Macross Delta & Archives",1,Hardcover,,0001-01-01,JP,artbook
keitokoumeillustrationsspicewolfthetenthyearcalvados,https://yenpress.com/titles/9781975315801-keito-koume-illustrations-spice-wolf-the-tenth-year-calvados,Yen Press,Keito Koume Illustrations Spice & Wolf: The Tenth Year Calvados,1,Digital,9781975315801,2020-11-17,JP,artbook
keitokoumeillustrationsspicewolfthetenthyearcalvados,https://yenpress.com/titles/9781975315795-keito-koume-illustrations-spice-wolf-the-tenth-year-calvados,Yen Press,Keito Koume Illustrations Spice & Wolf: The Tenth Year Calvados,1,Paperback,9781975315795,2020-11-17,JP,artbook
legendaryvisionstheartofgenzoman,https://udonentertainment.com/products/legendary-visions-the-art-of-genzoman,Udon Entertainment,Legendary Visions: The Art of Genzoman,1,Physical,9781926778211,0001-01-01,JP,artbook
marvelvscapcomultimatecompleteworks,https://udonentertainment.com/products/marvel-vs-capcom-exclusive-edition-package,Udon Entertainment,Marvel VS Capcom: Ultimate Complete Works HC - Deluxe Edition,1,Hardcover,,0001-01-01,JP,artbook
megamanofficialcompleteworks,https://udonentertainment.com/products/mega-man-official-complete-works-deluxe-edition,Udon Entertainment,Mega Man: Official Complete Works - Deluxe Edition,1,Hardcover,,0001-01-01,JP,artbook
megamantribute,https://udonentertainment.com/products/mega-man-tribute-hardcover,Udon Entertainment,Mega Man Tribute (Hardcover),1,Hardcover,9781927925676,0001-01-01,JP,artbook
megamanxdiveofficialcompleteworks,https://udonentertainment.com/products/mega-man-x-dive-official-complete-works-hardcover-standard-edition,Udon Entertainment,Mega Man X DiVE: Official Complete Works Hardcover Standard Edition,1,Hardcover,,0001-01-01,JP,artbook
megamanxofficialcompleteworks,https://udonentertainment.com/products/mega-man-x-official-complete-works-deluxe-edition,Udon Entertainment,Mega Man X: Official Complete Works - Deluxe Edition,1,Hardcover,,0001-01-01,JP,artbook
megamanzeroofficialcompleteworks,https://udonentertainment.com/products/mega-man-zero-official-complete-works-hardcover,Udon Entertainment,Mega Man Zero: Official Complete Works (Hardcover),1,Hardcover,9781772941005,0001-01-01,JP,artbook
monsterhunterillustrations1,https://udonentertainment.com/products/udon-monster-hunter-illustrations-volume-1-hardcover,Udon Entertainment,Monster Hunter Illustrations 1 - Hardcover,1,Hardcover,9781772940855,0001-01-01,JP,artbook
monsterhunterillustrations2,https://udonentertainment.com/products/udon-monster-hunter-illustrations-volume-2-hardcover,Udon Entertainment,Monster Hunter Illustrations 2 - Hardcover,1,Hardcover,9781772940862,0001-01-01,JP,artbook
monsterhunterillustrations3,https://udonentertainment.com/products/monster-hunter-illustrations-3-hardcover,Udon Entertainment,Monster Hunter Illustrations 3 - Hardcover,1,Hardcover,9781772941357,0001-01-01,JP,artbook
niohnioh2officialartworks,https://udonentertainment.com/products/nioh-nioh-2-official-artworks-hardcover,Udon Entertainment,Nioh & Nioh 2: Official Artworks Hardcover,1,Hardcover,,0001-01-01,JP,artbook
okamiofficialcompleteworks,https://udonentertainment.com/products/okami-official-complete-works-udon-store-exclusive-hardcover,Udon Entertainment,Okami Official Complete Works – UDON STORE Exclusive Hardcover,1,Hardcover,,0001-01-01,JP,artbook
omardogansgirlseven,https://udonentertainment.com/products/omar-dogans-girl-seven-softcover,Udon Entertainment,Omar Dogan's Girl Seven,1,Paperback,9781926778396,0001-01-01,JP,artbook
oshinoko1stillustrationcollectionglarexsparkle,https://yenpress.com/titles/9798855400519-oshi-no-ko-1st-illustration-collection-glare-x-sparkle,Yen Press,[Oshi No Ko] 1st Illustration Collection: Glare x Sparkle,1,Paperback,9798855400519,2024-11-19,JP,artbook
overlordthecompleteanimeartbook,https://yenpress.com/titles/9781975314316-overlord-the-complete-anime-artbook,Yen Press,Overlord: The Complete Anime Artbook,1,Digital,9781975314316,2020-12-15,JP,artbook
overlordthecompleteanimeartbook,https://yenpress.com/titles/9781975314347-overlord-the-complete-anime-artbook-ii-iii,Yen Press,Overlord: The Complete Anime Artbook II III,2,Digital,9781975314347,2022-03-29,JP,artbook
overlordthecompleteanimeartbook,https://yenpress.com/titles/9781975314323-overlord-the-complete-anime-artbook,Yen Press,Overlord: The Complete Anime Artbook,1,Paperback,9781975314323,2020-12-15,JP,artbook
overlordthecompleteanimeartbook,https://yenpress.com/titles/9781975314354-overlord-the-complete-anime-artbook-ii-iii,Yen Press,Overlord: The Complete Anime Artbook II III,2,Paperback,9781975314354,2022-03-29,JP,artbook
rivalschoolsofficialcompleteworkshardcoverdeluxeeditionset,https://udonentertainment.com/products/rival-schools-official-complete-works-hardcover-deluxe-edition-set,Udon Entertainment,Rival Schools: Official Complete Works Hardcover - Deluxe Edition Set,1,Hardcover,,0001-01-01,JP,artbook
sekiroshadowsdietwiceofficialartworks,https://yenpress.com/titles/9781975316310-sekiro-shadows-die-twice-official-artworks,Yen Press,Sekiro: Shadows Die Twice Official Artworks,1,Digital,9781975316310,2020-10-20,JP,artbook
sekiroshadowsdietwiceofficialartworks,https://yenpress.com/titles/9781975316303-sekiro-shadows-die-twice-official-artworks,Yen Press,Sekiro: Shadows Die Twice Official Artworks,1,Paperback,9781975316303,2020-10-20,JP,artbook
sengokubasarasamuraiheroesofficialcompleteworksartbook,https://udonentertainment.com/products/sengoku-basara-samurai-heroes-official-complete-works-artbook-softcover,Udon Entertainment,Sengoku Basara Samurai Heroes Official Complete Works Artbook Softcover,1,Paperback,9781926778372,0001-01-01,JP,artbook
shovelknightultimatedesignworks,https://udonentertainment.com/products/shovel-knight-ultimate-design-works-hardcover,Udon Entertainment,Shovel Knight: Ultimate Design Works Hardcover,1,Hardcover,,0001-01-01,JP,artbook
snkmasterworksshinkiro,https://udonentertainment.com/products/snk-masterworks-shinkiro-deluxe-edition,Udon Entertainment,SNK Masterworks: Shinkiro - Deluxe Edition,1,Hardcover,,2026-09-01,JP,artbook
streetfighter6,https://udonentertainment.com/products/street-fighter-6-volume-1-collection,Udon Entertainment,Street Fighter 6,1,Hardcover,,0001-01-01,JP,artbook
streetfightermasters,https://udonentertainment.com/products/street-fighter-masters-volume-1,Udon Entertainment,Street Fighter Masters,1,Hardcover,,0001-01-01,JP,artbook
streetfighterswimsuitspecial,https://udonentertainment.com/products/street-fighter-swimsuit-special-volume-1-hardcover-standard-edition,Udon Entertainment,Street Fighter Swimsuit Special Volume 1 Hardcover Standard Edition,1,Hardcover,,0001-01-01,JP,artbook
streetfighterswimsuitspecial,https://udonentertainment.com/products/street-fighter-swimsuit-special-volume-2-hardcover-standard-edition,Udon Entertainment,Street Fighter Swimsuit Special Volume 2 Hardcover Standard Edition,2,Hardcover,,0001-01-01,JP,artbook
streetfightervclimaxartshardcovermetalsagatdollar,https://udonentertainment.com/products/mega-man-x-dive-official-complete-works-hardcover-exclusive-blue-foil-edition-metal-card-copy,Udon Entertainment,Street Fighter V: Climax Arts Hardcover + Metal Sagat Dollar,1,Hardcover,,0001-01-01,JP,artbook
streetfighterworldwarriorencyclopediaworldtour,https://udonentertainment.com/products/street-fighter-world-warrior-encyclopedia-world-tour-edition-deluxe-hardcover,Udon Entertainment,Street Fighter World Warrior Encyclopedia: World Tour Edition Deluxe Hardcover,1,Hardcover,,0001-01-01,JP,artbook
streetfighterworldwarriorencyclopediaworldtour,https://udonentertainment.com/products/street-fighter-world-warrior-encyclopedia-world-tour-edition-hardcover,Udon Entertainment,Street Fighter World Warrior Encyclopedia: World Tour Edition Hardcover,2,Hardcover,,0001-01-01,JP,artbook
swordartonlineabecartworks,https://yenpress.com/titles/9780316442626-sword-art-online-abec-artworks,Yen Press,Sword Art Online abec Artworks,1,Digital,9780316442626,2017-11-28,JP,artbook
swordartonlineabecartworks,https://yenpress.com/titles/9780316442619-sword-art-online-abec-artworks,Yen Press,Sword Art Online abec Artworks,1,Paperback,9780316442619,2017-11-28,JP,artbook
swordartonlineabecartworksnewworld,https://yenpress.com/titles/9798855407266-sword-art-online-abec-artworks-new-world,Yen Press,Sword Art Online abec Artworks New World,1,Digital,9798855407266,2024-12-17,JP,artbook
swordartonlineabecartworksnewworld,https://yenpress.com/titles/9798855407259-sword-art-online-abec-artworks-new-world,Yen Press,Sword Art Online abec Artworks New World,1,Paperback,9798855407259,2024-12-17,JP,artbook
swordartonlineabecartworkswanderers,https://yenpress.com/titles/9781975334949-sword-art-online-abec-artworks-wanderers,Yen Press,Sword Art Online abec Artworks Wanderers,1,Digital,9781975334949,2022-06-21,JP,artbook
swordartonlineabecartworkswanderers,https://yenpress.com/titles/9781975334932-sword-art-online-abec-artworks-wanderers,Yen Press,Sword Art Online abec Artworks Wanderers,1,Paperback,9781975334932,2022-06-21,JP,artbook
tabegirl,https://denpa.pub/book/tabegirl,Denpa,TabeGirl,1,Digital,,2025-01-15,JP,artbook
tabegirl,https://denpa.pub/book/tabegirl,Denpa,TabeGirl,1,Paperback,9781634428293,2025-01-15,JP,artbook
tankheadmechanicalencyclopediaartbook,https://udonentertainment.com/products/tankhead,Udon Entertainment,TANKHEAD: Mechanical Encyclopedia Artbook - Deluxe Edition,1,Hardcover,,0001-01-01,JP,artbook
theartofclairobscurexpedition33,https://udonentertainment.com/products/the-art-of-clair-obscur-expedition-33-standard-edition,Udon Entertainment,The Art of Clair Obscur: Expedition 33 Standard Edition,1,Hardcover,,2026-11-01,JP,artbook
theartofdarksidersgenesis,https://udonentertainment.com/products/the-art-of-darksiders-genesis-hardcover,Udon Entertainment,The Art of Darksiders Genesis (Hardcover),1,Hardcover,9781772941302,0001-01-01,JP,artbook
theartofshantae,https://udonentertainment.com/products/the-art-of-shantae-hardcover,Udon Entertainment,The Art of Shantae Hardcover Edition,1,Hardcover,9781772940978,0001-01-01,JP,artbook
theartofstarwarsanewhopethemanga,https://www.darkhorse.com/books/3015-114/art-of-star-wars-a-new-hope-the-manga-volume-1-hc/,Dark Horse,The Art of Star Wars: A New Hope--The Manga,1,Hardcover,9781506750347,2026-06-16,JP,artbook
theartofstarwarsanewhopethemanga,https://www.darkhorse.com/books/3016-051/art-of-star-wars-a-new-hope-the-manga-volume-2-hc/,Dark Horse,The Art of Star Wars: A New Hope--The Manga,2,Hardcover,9781506750354,2026-08-18,JP,artbook
theartofstreetfighterhconline,https://udonentertainment.com/products/pre-order-the-art-of-street-fighter-hc-online-exclusive-edition,Udon Entertainment,The Art of Street Fighter HC - Online Exclusive Edition,1,Hardcover,,0001-01-01,JP,artbook
theartofswordoratoria,https://yenpress.com/titles/9781975331757-the-art-of-sword-oratoria,Yen Press,The Art of Sword Oratoria,1,Digital,9781975331757,2019-12-17,JP,artbook
theartofswordoratoria,https://yenpress.com/titles/9781975385576-the-art-of-sword-oratoria,Yen Press,The Art of Sword Oratoria,1,Paperback,9781975385576,2019-12-17,JP,artbook
udonsecondsstreetfighterv,https://udonentertainment.com/products/udon-seconds-street-fighter-v-volume-1-champions-rising-hardcover,Udon Entertainment,UDON Seconds - Street Fighter V,1,Hardcover,,0001-01-01,JP,artbook
udonsecondstheeyesofbayonetta2,https://udonentertainment.com/products/udon-seconds-the-eyes-of-bayonetta-2-hardcover,Udon Entertainment,UDON Seconds - The Eyes of Bayonetta 2 Hardcover,1,Hardcover,,0001-01-01,JP,artbook
udonsecondsudonsartofcapcom1,https://udonentertainment.com/products/udon-seconds-udons-art-of-capcom-1-hardcover-edition,Udon Entertainment,UDON Seconds - UDON's Art of Capcom 1 - Hardcover Edition,1,Hardcover,,0001-01-01,JP,artbook
udonsecondsudonsartofcapcom2,https://udonentertainment.com/products/udon-seconds-udons-art-of-capcom-2-hardcover-edition,Udon Entertainment,UDON Seconds - UDON's Art of Capcom 2 - Hardcover Edition,1,Hardcover,,0001-01-01,JP,artbook
udonsecondsudonsartofcapcom3,https://udonentertainment.com/products/udon-seconds-udons-art-of-capcom-3-hardcover-edition,Udon Entertainment,UDON Seconds - UDON's Art of Capcom 3 - Hardcover Edition,1,Hardcover,,0001-01-01,JP,artbook
worldofwarcrafttributeconvention,https://udonentertainment.com/products/world-of-warcraft-tribute-convention-exclusive,Udon Entertainment,World of Warcraft Tribute - Convention Exclusive - Hardcover,1,Hardcover,,0001-01-01,JP,artbook
yanatobosoartworksblackbutler,https://yenpress.com/titles/9780316304412-yana-toboso-artworks-black-butler-1,Yen Press,Yana Toboso Artworks Black Butler,1,Hardback,9780316304412,2015-10-27,JP,artbook
yanatobosoartworksblackbutler,https://yenpress.com/titles/9780316552554-yana-toboso-artworks-black-butler-2,Yen Press,Yana Toboso Artworks Black Butler,2,Hardback,9780316552554,2017-05-23,JP,artbook
yanatobosoartworksblackbutler,https://yenpress.com/titles/9781975366445-yana-toboso-artworks-black-butler-3,Yen Press,Yana Toboso Artworks Black Butler,3,Hardback,9781975366445,2023-10-17,JP,artbook
yanatobosoartworksblackbutler,https://yenpress.com/titles/9781975390068-yana-toboso-artworks-black-butler-4,Yen Press,Yana Toboso Artworks Black Butler,4,Hardback,9781975390068,2024-07-16,JP,artbook
